time,lux,ps,als0,als1
2026-06-27 23:32:00,94.8,6,36,7
2026-06-27 23:33:00,94.8,6,36,7
2026-06-27 23:34:00,94.8,6,36,7
2026-06-27 23:35:00,91.5,6,35,7
2026-06-27 23:36:00,91.1,7,36,8
2026-06-27 23:37:00,52.3,11,20,4
2026-06-27 23:38:00,91.1,6,36,8
2026-06-27 23:39:00,0.0,5,0,0
2026-06-27 23:40:00,0.0,5,0,0
2026-06-27 23:41:00,0.0,5,0,0
2026-06-27 23:42:00,0.0,5,0,0
2026-06-27 23:43:00,0.0,5,0,0
2026-06-27 23:44:00,0.0,5,0,0
2026-06-27 23:45:00,0.0,5,0,0
2026-06-27 23:46:00,0.0,5,0,0
2026-06-27 23:47:00,0.0,5,0,0
2026-06-27 23:48:00,0.0,5,0,0
2026-06-27 23:49:00,0.0,5,0,0
2026-06-27 23:50:00,0.0,5,0,0
2026-06-27 23:51:00,0.0,5,0,0
2026-06-27 23:52:00,0.0,5,0,0
2026-06-27 23:53:00,0.0,5,0,0
2026-06-27 23:54:00,0.0,5,0,0
2026-06-27 23:55:00,0.0,5,0,0
2026-06-27 23:56:00,0.0,5,0,0
2026-06-27 23:57:00,0.0,5,0,0
2026-06-27 23:58:00,0.0,5,0,0
2026-06-27 23:59:00,0.0,5,0,0
2026-06-28 00:00:00,0.0,5,0,0
2026-06-28 00:01:00,0.0,5,0,0
2026-06-28 00:02:00,0.0,5,0,0
2026-06-28 00:03:00,0.0,5,0,0
2026-06-28 00:04:00,0.0,5,0,0
2026-06-28 00:05:00,0.0,5,0,0
2026-06-28 00:06:00,0.0,5,0,0
2026-06-28 00:07:00,0.0,5,0,0
2026-06-28 00:08:00,0.0,5,0,0
2026-06-28 00:09:00,0.0,5,0,0
2026-06-28 00:10:00,0.0,5,0,0
2026-06-28 00:11:00,0.0,5,0,0
2026-06-28 00:12:00,0.0,5,0,0
2026-06-28 00:13:00,0.0,5,0,0
2026-06-28 00:14:00,0.0,5,0,0
2026-06-28 00:15:00,0.0,5,0,0
2026-06-28 00:16:00,0.0,5,0,0
2026-06-28 00:17:00,0.0,5,0,0
2026-06-28 00:18:00,0.0,5,0,0
2026-06-28 00:19:00,0.0,5,0,0
2026-06-28 00:20:00,0.0,5,0,0
2026-06-28 00:21:00,0.0,5,0,0
2026-06-28 00:22:00,0.0,5,0,0
2026-06-28 00:23:00,0.0,5,0,0
2026-06-28 00:24:00,0.0,5,0,0
2026-06-28 00:25:00,0.0,5,0,0
2026-06-28 00:26:00,0.0,5,0,0
2026-06-28 00:27:00,0.0,5,0,0
2026-06-28 00:28:00,0.0,5,0,0
2026-06-28 00:29:00,0.0,5,0,0
2026-06-28 00:30:00,0.0,5,0,0
2026-06-28 00:31:00,0.0,5,0,0
2026-06-28 00:32:00,0.0,5,0,0
2026-06-28 00:33:00,0.0,5,0,0
2026-06-28 00:34:00,0.0,5,0,0
2026-06-28 00:35:00,0.0,5,0,0
2026-06-28 00:36:00,0.0,5,0,0
2026-06-28 00:37:00,0.0,5,0,0
2026-06-28 00:38:00,0.0,5,0,0
2026-06-28 00:39:00,0.0,5,0,0
2026-06-28 00:40:00,0.0,5,0,0
2026-06-28 00:41:00,0.0,5,0,0
2026-06-28 00:42:00,0.0,5,0,0
2026-06-28 00:43:00,0.0,5,0,0
2026-06-28 00:44:00,0.0,5,0,0
2026-06-28 00:45:00,0.0,5,0,0
2026-06-28 00:46:00,0.0,5,0,0
2026-06-28 00:47:00,0.0,5,0,0
2026-06-28 00:48:00,0.0,5,0,0
2026-06-28 00:49:00,0.0,5,0,0
2026-06-28 00:50:00,0.0,5,0,0
2026-06-28 00:51:00,0.0,5,0,0
2026-06-28 00:52:00,0.0,5,0,0
2026-06-28 00:53:00,0.0,5,0,0
2026-06-28 00:54:00,0.0,5,0,0
2026-06-28 00:55:00,0.0,5,0,0
2026-06-28 00:56:00,0.0,5,0,0
2026-06-28 00:57:00,0.0,5,0,0
2026-06-28 00:58:00,0.0,5,0,0
2026-06-28 00:59:00,0.0,5,0,0
2026-06-28 01:00:00,0.0,5,0,0
2026-06-28 01:01:00,0.0,5,0,0
2026-06-28 01:02:00,0.0,5,0,0
2026-06-28 01:03:00,0.0,5,0,0
2026-06-28 01:04:00,0.0,5,0,0
2026-06-28 01:05:00,0.0,5,0,0
2026-06-28 01:06:00,0.0,5,0,0
2026-06-28 01:07:00,0.0,5,0,0
2026-06-28 01:08:00,0.0,5,0,0
2026-06-28 01:09:00,0.0,5,0,0
2026-06-28 01:10:00,0.0,5,0,0
2026-06-28 01:11:00,0.0,5,0,0
2026-06-28 01:12:00,0.0,5,0,0
2026-06-28 01:13:00,0.0,5,0,0
2026-06-28 01:14:00,0.0,5,0,0
2026-06-28 01:15:00,0.0,5,0,0
2026-06-28 01:16:00,0.0,5,0,0
2026-06-28 01:17:00,0.0,5,0,0
2026-06-28 01:18:00,0.0,5,0,0
2026-06-28 01:19:00,0.0,5,0,0
2026-06-28 01:20:00,0.0,5,0,0
2026-06-28 01:21:00,0.0,5,0,0
2026-06-28 01:22:00,0.0,5,0,0
2026-06-28 01:23:00,0.0,5,0,0
2026-06-28 01:24:00,0.0,5,0,0
2026-06-28 01:25:00,0.0,5,0,0
2026-06-28 01:26:00,0.0,5,0,0
2026-06-28 01:27:00,0.0,5,0,0
2026-06-28 01:28:00,0.0,5,0,0
2026-06-28 01:29:00,0.0,5,0,0
2026-06-28 01:30:00,0.0,5,0,0
2026-06-28 01:31:00,0.0,5,0,0
2026-06-28 01:32:00,0.0,5,0,0
2026-06-28 01:33:00,0.0,5,0,0
2026-06-28 01:34:00,0.0,5,0,0
2026-06-28 01:35:00,0.0,5,0,0
2026-06-28 01:36:00,0.0,5,0,0
2026-06-28 01:37:00,0.0,5,0,0
2026-06-28 01:38:00,0.0,5,0,0
2026-06-28 01:39:00,0.0,5,0,0
2026-06-28 01:40:00,0.0,5,0,0
2026-06-28 01:41:00,0.0,5,0,0
2026-06-28 01:42:00,0.0,5,0,0
2026-06-28 01:43:00,0.0,5,0,0
2026-06-28 01:44:00,0.0,5,0,0
2026-06-28 01:45:00,0.0,5,0,0
2026-06-28 01:46:00,0.0,5,0,0
2026-06-28 01:47:00,0.0,5,0,0
2026-06-28 01:48:00,0.0,5,0,0
2026-06-28 01:49:00,0.0,5,0,0
2026-06-28 01:50:00,0.0,5,0,0
2026-06-28 01:51:00,0.0,5,0,0
2026-06-28 01:52:00,0.0,5,0,0
2026-06-28 01:53:00,0.0,5,0,0
2026-06-28 01:54:00,0.0,5,0,0
2026-06-28 01:55:00,0.0,5,0,0
2026-06-28 01:56:00,0.0,5,0,0
2026-06-28 01:57:00,0.0,5,0,0
2026-06-28 01:58:00,0.0,5,0,0
2026-06-28 01:59:00,0.0,5,0,0
2026-06-28 02:00:00,0.0,5,0,0
2026-06-28 02:01:00,0.0,5,0,0
2026-06-28 02:02:00,0.0,5,0,0
2026-06-28 02:03:00,0.0,5,0,0
2026-06-28 02:04:00,0.0,5,0,0
2026-06-28 02:05:00,0.0,5,0,0
2026-06-28 02:06:00,0.0,5,0,0
2026-06-28 02:07:00,0.0,5,0,0
2026-06-28 02:08:00,0.0,5,0,0
2026-06-28 02:09:00,0.0,5,0,0
2026-06-28 02:10:00,0.0,5,0,0
2026-06-28 02:11:00,0.0,5,0,0
2026-06-28 02:12:00,0.0,5,0,0
2026-06-28 02:13:00,0.0,5,0,0
2026-06-28 02:14:00,0.0,5,0,0
2026-06-28 02:15:00,0.0,5,0,0
2026-06-28 02:16:00,0.0,5,0,0
2026-06-28 02:17:00,0.0,5,0,0
2026-06-28 02:18:00,0.0,5,0,0
2026-06-28 02:19:00,0.0,5,0,0
2026-06-28 02:20:00,0.0,5,0,0
2026-06-28 02:21:00,0.0,5,0,0
2026-06-28 02:22:00,0.0,5,0,0
2026-06-28 02:23:00,0.0,5,0,0
2026-06-28 02:24:00,0.0,5,0,0
2026-06-28 02:25:00,0.0,5,0,0
2026-06-28 02:26:00,0.0,5,0,0
2026-06-28 02:27:00,0.0,5,0,0
2026-06-28 02:28:00,0.0,5,0,0
2026-06-28 02:29:00,0.0,5,0,0
2026-06-28 02:30:00,0.0,5,0,0
2026-06-28 02:31:00,0.0,5,0,0
2026-06-28 02:32:00,0.0,5,0,0
2026-06-28 02:33:00,0.0,5,0,0
2026-06-28 02:34:00,0.0,5,0,0
2026-06-28 02:35:00,0.0,5,0,0
2026-06-28 02:36:00,0.0,5,0,0
2026-06-28 02:37:00,0.0,5,0,0
2026-06-28 02:38:00,0.0,5,0,0
2026-06-28 02:39:00,0.0,5,0,0
2026-06-28 02:40:00,0.0,5,0,0
2026-06-28 02:41:00,0.0,5,0,0
2026-06-28 02:42:00,0.0,5,0,0
2026-06-28 02:43:00,0.0,5,0,0
2026-06-28 02:44:00,0.0,5,0,0
2026-06-28 02:45:00,0.0,5,0,0
2026-06-28 02:46:00,0.0,5,0,0
2026-06-28 02:47:00,0.0,5,0,0
2026-06-28 02:48:00,0.0,5,0,0
2026-06-28 02:49:00,0.0,5,0,0
2026-06-28 02:50:00,0.0,5,0,0
2026-06-28 02:51:00,0.0,5,0,0
2026-06-28 02:52:00,0.0,5,0,0
2026-06-28 02:53:00,0.0,5,0,0
2026-06-28 02:54:00,0.0,5,0,0
2026-06-28 02:55:00,0.0,5,0,0
2026-06-28 02:56:00,0.0,5,0,0
2026-06-28 02:57:00,0.0,5,0,0
2026-06-28 02:58:00,0.0,5,0,0
2026-06-28 02:59:00,0.0,5,0,0
2026-06-28 03:00:00,0.0,5,0,0
2026-06-28 03:01:00,0.0,5,0,0
2026-06-28 03:02:00,0.0,5,0,0
2026-06-28 03:03:00,0.0,5,0,0
2026-06-28 03:04:00,0.0,5,0,0
2026-06-28 03:05:00,0.0,5,0,0
2026-06-28 03:06:00,0.0,5,0,0
2026-06-28 03:07:00,0.0,5,0,0
2026-06-28 03:08:00,0.0,5,0,0
2026-06-28 03:09:00,0.0,5,0,0
2026-06-28 03:10:00,0.0,5,0,0
2026-06-28 03:11:00,0.0,5,0,0
2026-06-28 03:12:00,0.0,5,0,0
2026-06-28 03:13:00,0.0,5,0,0
2026-06-28 03:14:00,0.0,5,0,0
2026-06-28 03:15:00,0.0,5,0,0
2026-06-28 03:16:00,0.0,5,0,0
2026-06-28 03:17:00,0.0,5,0,0
2026-06-28 03:18:00,0.0,5,0,0
2026-06-28 03:19:00,0.0,5,0,0
2026-06-28 03:20:00,0.0,5,0,0
2026-06-28 03:21:00,0.0,5,0,0
2026-06-28 03:22:00,0.0,5,0,0
2026-06-28 03:23:00,0.0,5,0,0
2026-06-28 03:24:00,0.0,5,0,0
2026-06-28 03:25:00,0.0,5,0,0
2026-06-28 03:26:00,0.0,5,0,0
2026-06-28 03:27:00,0.0,5,0,0
2026-06-28 03:28:00,0.0,5,0,0
2026-06-28 03:29:00,0.0,5,0,0
2026-06-28 03:30:00,0.0,5,0,0
2026-06-28 03:31:00,0.0,5,0,0
2026-06-28 03:32:00,0.0,5,0,0
2026-06-28 03:33:00,0.0,5,0,0
2026-06-28 03:34:00,0.0,5,0,0
2026-06-28 03:35:00,0.0,5,0,0
2026-06-28 03:36:00,0.0,5,0,0
2026-06-28 03:37:00,0.0,5,0,0
2026-06-28 03:38:00,0.0,5,0,0
2026-06-28 03:39:00,0.0,5,0,0
2026-06-28 03:40:00,0.0,5,0,0
2026-06-28 03:41:00,0.0,5,0,0
2026-06-28 03:42:00,0.0,5,0,0
2026-06-28 03:43:00,0.0,5,0,0
2026-06-28 03:44:00,0.0,5,0,0
2026-06-28 03:45:00,0.0,5,0,0
2026-06-28 03:46:00,0.0,5,0,0
2026-06-28 03:47:00,0.0,5,0,0
2026-06-28 03:48:00,0.0,5,0,0
2026-06-28 03:49:00,0.0,5,0,0
2026-06-28 03:50:00,0.0,5,0,0
2026-06-28 03:51:00,0.0,5,0,0
2026-06-28 03:52:00,0.0,5,0,0
2026-06-28 03:53:00,0.0,5,0,0
2026-06-28 03:54:00,0.0,5,0,0
2026-06-28 03:55:00,0.0,5,0,0
2026-06-28 03:56:00,0.0,5,0,0
2026-06-28 03:57:00,0.0,5,0,0
2026-06-28 03:58:00,0.0,5,0,0
2026-06-28 03:59:00,0.0,5,0,0
2026-06-28 04:00:00,0.0,5,0,0
2026-06-28 04:01:00,0.0,5,0,0
2026-06-28 04:02:00,0.0,5,0,0
2026-06-28 04:03:00,0.0,5,0,0
2026-06-28 04:04:00,0.0,5,0,0
2026-06-28 04:05:00,0.0,5,0,0
2026-06-28 04:06:00,0.0,5,0,0
2026-06-28 04:07:00,0.0,5,0,0
2026-06-28 04:08:00,0.0,5,0,0
2026-06-28 04:09:00,0.0,5,0,0
2026-06-28 04:10:00,0.0,5,0,0
2026-06-28 04:11:00,0.0,5,0,0
2026-06-28 04:12:00,0.0,5,0,0
2026-06-28 04:13:00,0.0,5,0,0
2026-06-28 04:14:00,0.0,6,0,0
2026-06-28 04:15:00,0.0,5,0,0
2026-06-28 04:16:00,0.0,6,0,0
2026-06-28 04:17:00,0.0,6,0,0
2026-06-28 04:18:00,3.4,6,1,0
2026-06-28 04:19:00,3.4,6,1,0
2026-06-28 04:20:00,3.4,6,1,0
2026-06-28 04:21:00,3.4,6,1,0
2026-06-28 04:22:00,3.4,6,1,0
2026-06-28 04:23:00,3.4,6,1,0
2026-06-28 04:24:00,3.4,6,1,0
2026-06-28 04:25:00,3.4,6,1,0
2026-06-28 04:26:00,3.4,6,1,0
2026-06-28 04:27:00,3.4,6,1,0
2026-06-28 04:28:00,3.4,6,1,0
2026-06-28 04:29:00,3.4,6,1,0
2026-06-28 04:30:00,3.4,6,1,0
2026-06-28 04:31:00,6.7,6,2,0
2026-06-28 04:32:00,6.7,6,2,0
2026-06-28 04:33:00,6.7,6,2,0
2026-06-28 04:34:00,6.7,6,2,0
2026-06-28 04:35:00,6.3,6,3,1
2026-06-28 04:36:00,6.3,6,3,1
2026-06-28 04:37:00,9.7,6,4,1
2026-06-28 04:38:00,9.7,7,4,1
2026-06-28 04:39:00,9.7,7,4,1
2026-06-28 04:40:00,13.1,7,5,1
2026-06-28 04:41:00,13.1,7,5,1
2026-06-28 04:42:00,13.1,7,5,1
2026-06-28 04:43:00,12.7,7,6,2
2026-06-28 04:44:00,12.7,6,6,2
2026-06-28 04:45:00,12.7,7,6,2
2026-06-28 04:46:00,16.0,6,7,2
2026-06-28 04:47:00,16.0,6,7,2
2026-06-28 04:48:00,16.0,7,7,2
2026-06-28 04:49:00,19.4,6,8,2
2026-06-28 04:50:00,22.8,7,9,2
2026-06-28 04:51:00,19.0,7,9,3
2026-06-28 04:52:00,22.4,7,10,3
2026-06-28 04:53:00,25.7,7,11,3
2026-06-28 04:54:00,25.4,7,12,4
2026-06-28 04:55:00,28.7,7,13,4
2026-06-28 04:56:00,28.3,7,14,5
2026-06-28 04:57:00,28.3,7,14,5
2026-06-28 04:58:00,31.7,7,15,5
2026-06-28 04:59:00,31.7,7,15,5
2026-06-28 05:00:00,35.1,7,16,5
2026-06-28 05:01:00,35.1,7,16,5
2026-06-28 05:02:00,31.7,7,15,5
2026-06-28 05:03:00,28.3,7,14,5
2026-06-28 05:04:00,32.1,7,14,4
2026-06-28 05:05:00,28.7,7,13,4
2026-06-28 05:06:00,28.7,7,13,4
2026-06-28 05:07:00,28.7,7,13,4
2026-06-28 05:08:00,28.7,7,13,4
2026-06-28 05:09:00,25.4,7,12,4
2026-06-28 05:10:00,29.1,7,12,3
2026-06-28 05:11:00,29.1,7,12,3
2026-06-28 05:12:00,25.4,7,12,4
2026-06-28 05:13:00,25.4,7,12,4
2026-06-28 05:14:00,28.7,7,13,4
2026-06-28 05:15:00,28.7,7,13,4
2026-06-28 05:16:00,28.7,7,13,4
2026-06-28 05:17:00,32.1,7,14,4
2026-06-28 05:18:00,32.1,7,14,4
2026-06-28 05:19:00,32.1,7,14,4
2026-06-28 05:20:00,32.1,7,14,4
2026-06-28 05:21:00,32.1,7,14,4
2026-06-28 05:22:00,35.4,7,15,4
2026-06-28 05:23:00,35.4,7,15,4
2026-06-28 05:24:00,35.4,7,15,4
2026-06-28 05:25:00,35.1,7,16,5
2026-06-28 05:26:00,38.4,7,17,5
2026-06-28 05:27:00,38.4,7,17,5
2026-06-28 05:28:00,38.4,7,17,5
2026-06-28 05:29:00,35.1,7,16,5
2026-06-28 05:30:00,35.1,7,16,5
2026-06-28 05:31:00,38.8,7,16,4
2026-06-28 05:32:00,38.8,7,16,4
2026-06-28 05:33:00,35.4,7,15,4
2026-06-28 05:34:00,38.8,7,16,4
2026-06-28 05:35:00,35.1,7,16,5
2026-06-28 05:36:00,35.1,7,16,5
2026-06-28 05:37:00,38.4,7,17,5
2026-06-28 05:38:00,41.8,7,18,5
2026-06-28 05:39:00,45.1,7,19,5
2026-06-28 05:40:00,48.1,7,21,6
2026-06-28 05:41:00,51.5,7,22,6
2026-06-28 05:42:00,54.5,7,24,7
2026-06-28 05:43:00,60.8,7,27,8
2026-06-28 05:44:00,70.5,7,31,9
2026-06-28 05:45:00,76.8,7,34,10
2026-06-28 05:46:00,79.8,7,36,11
2026-06-28 05:47:00,86.1,7,39,12
2026-06-28 05:48:00,92.5,7,42,13
2026-06-28 05:49:00,98.8,7,45,14
2026-06-28 05:50:00,105.2,7,48,15
2026-06-28 05:51:00,114.5,7,53,17
2026-06-28 05:52:00,127.2,7,59,19
2026-06-28 05:53:00,142.8,7,67,22
2026-06-28 05:54:00,161.4,7,77,26
2026-06-28 05:55:00,180.0,7,87,30
2026-06-28 05:56:00,202.4,7,97,33
2026-06-28 05:57:00,218.1,7,105,36
2026-06-28 05:58:00,224.4,7,108,37
2026-06-28 05:59:00,211.7,7,102,35
2026-06-28 07:12:00,151.9,7,63,16
2026-06-28 08:12:00,184.3,7,76,19
2026-06-28 09:12:00,231.3,7,100,28
2026-06-28 10:12:00,457.7,7,203,60
2026-06-28 11:12:00,473.7,7,210,62
2026-06-28 12:12:00,308.5,7,133,37
2026-06-28 13:12:00,463.1,7,189,46
2026-06-28 14:12:00,345.7,7,134,28
2026-06-28 15:12:00,364.3,7,144,32
2026-06-28 16:12:00,303.9,7,116,23
2026-06-28 17:12:00,271.8,7,102,19
2026-06-28 18:12:00,230.0,7,84,14
2026-06-28 19:12:00,91.1,6,36,8
2026-06-28 20:12:00,91.1,7,36,8
2026-06-28 21:12:00,94.4,6,37,8
2026-06-28 22:12:00,94.4,7,37,8
2026-06-28 23:12:00,0.0,10,0,0
2026-06-29 00:12:00,0.0,10,0,0
2026-06-29 01:12:00,0.0,10,0,0
2026-06-29 02:12:00,0.0,9,0,0
2026-06-29 03:12:00,0.0,10,0,0
2026-06-29 04:12:00,0.0,10,0,0
2026-06-29 05:12:00,3.4,10,1,0
2026-06-29 06:12:00,84.7,9,33,7
2026-06-29 07:12:00,103.4,10,43,11
2026-06-29 08:12:00,192.1,10,85,25
2026-06-29 09:12:00,192.5,10,84,24
2026-06-29 10:12:00,41.4,9,19,6
2026-06-29 11:12:00,85.4,9,41,14
2026-06-29 12:12:00,119.6,9,59,21
2026-06-29 13:12:00,138.7,9,68,24
2026-06-29 14:12:00,126.8,9,60,20
2026-06-29 15:12:00,89.1,9,41,13
2026-06-29 16:12:00,70.1,9,32,10
2026-06-29 17:12:00,54.8,9,23,6
2026-06-29 18:12:00,25.7,9,11,3
2026-06-29 19:12:00,0.0,7,0,0
2026-06-29 20:12:00,71.7,8,28,6
2026-06-29 21:12:00,71.7,8,28,6
2026-06-29 22:12:00,71.7,8,28,6
2026-06-29 23:12:00,71.7,8,28,6
2026-06-30 00:12:00,71.7,8,28,6
2026-06-30 01:12:00,71.7,8,28,6
2026-06-30 02:12:00,71.7,8,28,6
2026-06-30 03:12:00,71.7,8,28,6
2026-06-30 04:12:00,71.7,8,28,6
2026-06-30 05:12:00,84.0,8,35,9
2026-06-30 06:12:00,231.5,9,109,36
2026-06-30 07:12:00,193.9,9,90,29
2026-06-30 08:12:00,232.2,9,117,43
2026-06-30 09:12:00,241.5,9,122,45
2026-06-30 10:12:00,226.6,9,112,40
2026-06-30 11:12:00,182.6,9,90,32
2026-06-30 12:12:00,150.9,9,75,27
2026-06-30 13:12:00,131.9,9,66,24
2026-06-30 14:12:00,129.3,9,63,22
2026-06-30 15:12:00,92.5,9,42,13
2026-06-30 16:12:00,76.4,9,35,11
2026-06-30 17:12:00,51.5,9,22,6
2026-06-30 18:12:00,12.7,9,6,2
2026-06-30 19:12:00,71.7,8,28,6
2026-06-30 20:12:00,71.7,8,28,6
2026-06-30 21:12:00,71.7,8,28,6
2026-06-30 22:12:00,71.7,8,28,6
2026-06-30 23:12:00,0.0,8,0,0
2026-07-01 00:12:00,0.0,7,0,0
2026-07-01 01:12:00,0.0,7,0,0
2026-07-01 02:12:00,0.0,7,0,0
2026-07-01 03:12:00,0.0,7,0,0
2026-07-01 04:12:00,0.0,7,0,0
2026-07-01 05:12:00,19.0,8,9,3
2026-07-01 06:12:00,84.6,9,43,16
2026-07-01 07:12:00,256.1,10,123,42
2026-07-01 08:12:00,315.3,10,154,54
2026-07-01 09:12:00,356.7,10,173,60
2026-07-01 10:12:00,372.3,10,162,46
2026-07-01 11:12:00,429.3,7,189,55
2026-07-01 12:12:00,636.0,7,304,103
2026-07-01 13:12:00,506.3,7,242,82
2026-07-01 14:12:00,291.2,7,139,47
2026-07-01 15:12:00,247.2,7,117,39
2026-07-01 16:12:00,164.4,7,79,27
2026-07-01 17:12:00,76.1,7,36,12
2026-07-01 18:12:00,35.1,7,16,5
2026-07-01 19:12:00,0.0,5,0,0
2026-07-01 20:12:00,0.0,5,0,0
2026-07-01 21:12:00,0.0,5,0,0
2026-07-01 22:12:00,91.5,7,35,7
2026-07-01 23:12:00,91.5,7,35,7
2026-07-02 00:12:00,0.0,5,0,0
2026-07-02 01:12:00,0.0,5,0,0
2026-07-02 02:12:00,0.0,5,0,0
2026-07-02 03:12:00,0.0,5,0,0
2026-07-02 04:12:00,0.0,5,0,0
2026-07-02 05:12:00,9.7,6,4,1
2026-07-02 06:12:00,126.5,7,51,12
2026-07-02 07:12:00,142.9,7,57,13
2026-07-02 08:12:00,168.7,7,68,16
2026-07-02 09:12:00,297.5,7,113,22
2026-07-02 10:12:00,297.2,7,114,23
2026-07-02 11:12:00,383.7,7,152,34
2026-07-02 12:12:00,195.1,7,87,26
2026-07-02 13:12:00,359.5,7,166,53
2026-07-02 14:12:00,261.4,7,119,37
2026-07-02 15:12:00,191.3,7,87,27
2026-07-02 16:12:00,79.8,7,36,11
2026-07-02 17:12:00,70.5,7,31,9
2026-07-02 18:12:00,19.4,7,8,2
2026-07-02 19:12:00,220.7,7,79,12
2026-07-02 20:12:00,217.3,6,78,12
2026-07-02 21:12:00,88.1,7,34,7
2026-07-02 22:04:33,91.5,7,35,7
2026-07-02 23:03:59,0.0,5,0,0
2026-07-03 00:03:59,0.0,5,0,0
2026-07-03 01:03:59,0.0,5,0,0
2026-07-03 02:03:59,0.0,5,0,0
2026-07-03 03:03:59,0.0,5,0,0
2026-07-03 04:03:59,34.7,7,17,6
2026-07-03 05:03:59,164.8,7,78,26
2026-07-03 06:03:59,478.1,7,218,68
2026-07-03 07:03:59,535.0,7,255,86
2026-07-03 08:03:59,761.3,7,358,118
2026-07-03 09:03:59,377.7,7,177,58
2026-07-03 10:03:59,358.7,7,168,55
2026-07-03 11:03:59,142.8,7,67,22
2026-07-03 12:03:59,348.6,7,165,55
2026-07-03 13:03:59,438.5,7,204,66
2026-07-03 14:03:59,203.2,7,95,31
2026-07-03 15:03:59,218.5,7,104,35
2026-07-03 16:03:59,127.2,7,59,19
2026-07-03 17:03:59,56.7,7,28,10
2026-07-03 18:03:59,91.5,7,35,7
2026-07-03 19:03:59,91.5,6,35,7
2026-07-03 20:03:59,91.5,7,35,7
2026-07-03 21:03:59,91.5,6,35,7
2026-07-03 22:03:59,88.1,6,34,7
2026-07-03 23:03:59,0.0,5,0,0
2026-07-04 00:03:59,0.0,5,0,0
2026-07-04 01:03:59,0.0,5,0,0
2026-07-04 02:03:59,0.0,5,0,0
2026-07-04 03:03:59,0.0,5,0,0
2026-07-04 04:03:59,22.8,7,9,2
2026-07-04 05:03:59,246.2,7,110,33
2026-07-04 06:03:59,347.6,7,158,49
2026-07-04 07:03:59,531.0,7,246,79
2026-07-04 08:03:59,793.4,7,372,122
2026-07-04 09:03:59,1079.4,7,505,165
2026-07-04 10:03:59,749.8,7,349,113
2026-07-04 11:03:59,781.9,7,363,117
2026-07-04 12:03:59,743.1,7,347,113
2026-07-04 13:03:59,585.8,7,269,85
2026-07-04 14:03:59,541.1,7,249,79
2026-07-04 15:03:59,316.9,7,150,50
2026-07-04 16:03:59,158.5,7,75,25
2026-07-04 17:03:59,128.7,7,55,15
2026-07-04 18:03:59,91.5,7,35,7
2026-07-04 19:03:59,91.5,6,35,7
2026-07-04 20:03:59,123.9,7,48,10
2026-07-04 21:03:59,120.6,7,47,10
2026-07-04 22:03:59,0.0,5,0,0
2026-07-04 23:03:59,0.0,5,0,0
2026-07-05 00:03:59,0.0,5,0,0
2026-07-05 01:03:59,0.0,5,0,0
2026-07-05 02:03:59,0.0,5,0,0
2026-07-05 03:03:59,0.0,6,0,0
2026-07-05 04:03:59,9.7,7,4,1
2026-07-05 05:03:59,117.8,7,54,17
2026-07-05 06:03:59,224.6,7,98,28
2026-07-05 07:03:59,402.0,7,182,56
2026-07-05 08:03:59,564.2,7,257,80
2026-07-05 09:03:59,723.1,7,331,104
2026-07-05 10:03:59,802.9,7,367,115
2026-07-05 11:03:59,707.4,7,323,101
2026-07-05 12:03:59,459.5,7,208,64
2026-07-05 13:03:59,440.8,7,198,60
2026-07-05 14:03:59,392.7,7,177,54
2026-07-05 15:03:59,345.0,7,155,47
2026-07-05 16:03:59,261.8,7,118,36
2026-07-05 17:03:59,135.4,7,57,15
2026-07-05 18:03:59,87.7,7,35,8
2026-07-05 19:03:59,87.7,7,35,8
2026-07-05 20:03:59,91.5,7,35,7
2026-07-05 21:03:59,0.0,5,0,0
2026-07-05 22:03:59,0.0,5,0,0
2026-07-05 23:03:59,0.0,5,0,0
2026-07-06 00:03:59,0.0,5,0,0
2026-07-06 01:03:59,0.0,5,0,0
2026-07-06 02:03:59,0.0,5,0,0
2026-07-06 03:03:59,0.0,5,0,0
2026-07-06 04:03:59,41.8,7,18,5
2026-07-06 05:03:59,155.5,7,73,24
2026-07-06 06:03:59,404.6,7,185,58
2026-07-06 07:03:09,459.1,7,180,39
2026-07-06 08:03:09,365.1,7,142,30
2026-07-06 09:03:09,223.7,7,81,13
2026-07-06 10:03:09,214.4,6,76,11
2026-07-06 11:03:09,214.4,6,76,11
2026-07-06 12:03:09,214.4,6,76,11
2026-07-06 13:03:09,0.0,5,0,0
2026-07-06 14:03:09,0.0,5,0,0
2026-07-06 15:03:09,0.0,5,0,0
2026-07-06 16:03:09,0.0,5,0,0
2026-07-06 17:03:09,0.0,5,0,0
2026-07-06 18:03:09,0.0,5,0,0
2026-07-06 19:03:09,100.6,7,50,18
2026-07-06 20:03:09,414.6,7,198,67
2026-07-06 21:03:09,900.9,7,443,157
2026-07-06 22:03:09,753.3,7,340,104
2026-07-06 23:03:09,944.1,7,438,141
2026-07-07 00:03:09,692.9,7,312,95
2026-07-07 01:03:09,496.5,7,219,64
2026-07-07 02:03:09,328.3,7,140,38
2026-07-07 03:03:09,281.0,7,117,30
2026-07-07 04:03:09,267.9,7,112,29
2026-07-07 05:03:09,274.2,7,115,30
2026-07-07 06:03:09,277.6,7,116,30
2026-07-07 07:03:09,251.5,7,106,28
2026-07-07 08:03:09,258.2,7,108,28
2026-07-07 09:03:09,190.8,7,69,11
2026-07-07 10:03:09,177.8,8,64,10
2026-07-07 11:03:09,75.0,8,29,6
2026-07-07 12:03:09,0.0,7,0,0
2026-07-07 13:03:09,0.0,7,0,0
2026-07-07 14:03:09,0.0,6,0,0
2026-07-07 15:03:09,0.0,6,0,0
2026-07-07 16:03:09,0.0,6,0,0
2026-07-07 17:03:09,0.0,6,0,0
2026-07-07 18:03:09,0.0,6,0,0
2026-07-07 19:03:09,22.0,8,11,4
2026-07-07 20:03:09,88.7,8,42,14
2026-07-07 21:03:09,563.3,8,269,91
2026-07-07 22:03:09,818.2,7,395,136
2026-07-07 23:03:09,485.4,7,228,75
2026-07-08 00:03:09,609.2,7,286,94
2026-07-08 01:03:09,589.4,7,279,93
2026-07-08 02:03:09,437.7,7,206,68
2026-07-08 03:03:09,318.1,7,147,47
2026-07-08 04:03:09,287.9,7,128,38
2026-07-08 05:03:09,324.8,7,149,47
2026-07-08 06:03:09,465.3,7,193,49
2026-07-08 07:03:09,453.4,7,185,45
2026-07-08 08:03:09,350.8,7,140,32
2026-07-08 09:03:09,87.7,7,35,8
2026-07-08 10:03:09,68.3,7,27,6
2026-07-08 11:03:09,68.3,7,27,6
2026-07-08 12:03:09,68.3,7,27,6
2026-07-08 13:03:09,0.0,5,0,0
2026-07-08 14:03:09,0.0,5,0,0
2026-07-08 15:03:09,0.0,5,0,0
2026-07-08 16:03:09,0.0,5,0,0
2026-07-08 17:03:09,0.0,5,0,0
2026-07-08 18:03:09,0.0,5,0,0
2026-07-08 19:03:09,13.1,7,5,1
2026-07-08 20:03:09,76.1,7,36,12
2026-07-08 21:03:09,147.7,7,64,18
2026-07-08 22:03:09,306.2,7,139,43
2026-07-08 23:03:09,608.8,7,287,95
2026-07-09 00:03:09,523.5,7,246,81
2026-07-09 01:03:09,501.6,7,225,68
2026-07-09 02:03:09,432.7,7,190,55
2026-07-09 03:03:09,350.7,7,150,41
2026-07-09 04:03:09,271.7,7,112,28
2026-07-09 05:03:09,262.3,7,107,26
2026-07-09 06:03:09,233.6,7,94,22
2026-07-09 07:03:09,286.3,7,113,25
2026-07-12 17:54:53,229.2,7,86,16
2026-07-12 17:56:07,229.2,7,86,16
2026-07-12 17:56:24,225.5,7,86,17
2026-07-12 17:56:33,228.9,7,87,17
2026-07-12 17:58:22,228.9,7,87,17
2026-07-12 17:59:43,17694.8,10,6973,1535
2026-07-12 18:01:25,125.1,108,45,7
2026-07-12 18:29:06,125.1,108,45,7
2026-07-12 18:29:29,125.1,108,45,7
2026-07-12 18:29:46,128.5,108,46,7
2026-07-12 18:32:51,125.1,108,45,7
2026-07-12 18:34:45,75.8,108,27,4
2026-07-12 19:34:45,125.1,108,45,7
2026-07-12 20:34:45,125.1,109,45,7
2026-07-12 21:34:45,0.0,107,0,0
2026-07-12 22:34:45,0.0,106,0,0
2026-07-12 23:34:45,0.0,106,0,0
2026-07-13 00:34:45,0.0,106,0,0
2026-07-13 01:34:45,0.0,106,0,0
2026-07-13 02:34:45,0.0,106,0,0
2026-07-13 03:34:45,0.0,106,0,0
2026-07-13 04:34:45,0.0,106,0,0
2026-07-13 05:34:45,3.4,106,1,0
2026-07-13 06:34:45,55.2,107,22,5
2026-07-13 07:34:45,64.9,108,26,6
2026-07-13 08:00:15,67.5,108,29,8
2026-07-13 09:00:15,221.7,29,86,18
2026-07-13 10:00:15,135.0,27,58,16
2026-07-13 11:00:15,119.4,26,50,13
2026-07-13 12:00:15,122.0,27,53,15
2026-07-13 13:00:15,116.4,26,48,12
2026-07-13 14:00:15,94.0,26,38,9
2026-07-13 15:00:15,147.5,106,55,10
2026-07-13 16:00:15,121.3,122,45,8
2026-07-13 17:00:15,45.9,121,17,3
2026-07-13 18:00:15,3.4,120,1,0
2026-07-13 19:00:15,43.0,120,15,2
2026-07-13 20:00:15,42.2,121,17,4
2026-07-13 21:00:15,32.5,121,13,3
2026-07-13 22:00:15,0.0,120,0,0
2026-07-13 23:00:15,0.0,120,0,0
2026-07-14 00:00:15,0.0,120,0,0
2026-07-14 01:00:15,0.0,119,0,0
2026-07-14 02:00:15,0.0,119,0,0
2026-07-14 03:00:15,0.0,119,0,0
2026-07-14 04:00:15,0.0,119,0,0
2026-07-14 05:00:15,9.7,120,4,1
2026-07-14 06:00:15,34.7,122,17,6
2026-07-14 07:00:15,87.6,122,45,17
2026-07-14 08:00:15,120.8,122,56,18
2026-07-14 09:00:15,69.3,122,34,12
2026-07-14 10:00:15,53.7,121,26,9
2026-07-14 11:00:15,59.6,121,30,11
2026-07-14 12:00:15,47.3,121,23,8
2026-07-14 13:00:15,37.6,121,19,7
2026-07-14 14:00:15,34.7,121,17,6
2026-07-14 15:00:15,31.7,120,15,5
2026-07-14 16:00:15,25.4,121,12,4
2026-07-14 17:00:15,19.4,120,8,2
2026-07-14 18:00:15,9.7,120,4,1
2026-07-14 19:00:15,0.0,119,0,0
2026-07-14 20:00:15,42.2,120,17,4
2026-07-14 21:00:15,45.9,120,17,3
2026-07-14 22:00:15,0.0,119,0,0
2026-07-14 23:00:15,0.0,119,0,0
2026-07-15 00:00:15,0.0,119,0,0
2026-07-15 01:00:15,0.0,119,0,0
2026-07-15 02:00:15,0.0,119,0,0
2026-07-15 03:00:15,0.0,119,0,0
2026-07-15 04:00:15,0.0,119,0,0
2026-07-15 05:00:15,6.7,119,2,0
2026-07-15 06:00:15,41.0,121,20,7
2026-07-15 07:00:15,114.9,121,52,16
2026-07-15 08:00:15,111.1,123,52,17
2026-07-15 09:00:15,53.7,122,26,9
2026-07-15 10:00:15,56.7,122,28,10
2026-07-15 11:00:15,47.3,122,23,8
2026-07-15 12:00:15,38.4,122,17,5
2026-07-15 13:00:15,28.7,122,13,4
2026-07-15 14:00:15,25.4,122,12,4
2026-07-15 15:00:15,22.4,122,10,3
2026-07-15 16:00:15,100.4,53,41,10
2026-07-15 17:00:15,16.0,102,7,2
2026-07-15 18:00:15,9.7,102,4,1
2026-07-15 19:00:15,0.0,101,0,0
2026-07-15 20:00:15,0.0,101,0,0
2026-07-15 21:00:15,0.0,101,0,0
2026-07-15 22:00:15,52.3,103,20,4
2026-07-15 23:00:15,52.3,103,20,4
2026-07-16 00:00:15,0.0,101,0,0
2026-07-16 00:29:21,0.0,101,0,0
2026-07-16 01:29:21,0.0,101,0,0
2026-07-16 02:29:21,0.0,101,0,0
2026-07-16 03:29:21,0.0,101,0,0
2026-07-16 04:29:21,0.0,101,0,0
2026-07-16 05:29:21,9.7,102,4,1
2026-07-16 06:29:21,52.9,103,28,11
2026-07-16 07:29:21,117.1,103,56,19
2026-07-16 08:29:21,37.6,102,19,7
2026-07-16 09:29:21,84.2,103,44,17
2026-07-16 10:29:21,65.6,102,34,13
2026-07-16 11:29:21,47.0,102,24,9
2026-07-16 12:29:21,60.0,103,29,10
2026-07-16 13:29:21,47.7,102,22,7
2026-07-16 14:29:21,41.4,102,19,6
2026-07-16 15:29:21,31.7,102,15,5
2026-07-16 16:29:21,22.4,102,10,3
2026-07-16 17:29:21,62.0,103,24,5
2026-07-16 18:29:21,42.6,114,16,3
2026-07-16 19:29:21,39.2,113,15,3
2026-07-16 20:29:21,39.2,113,15,3
2026-07-16 21:29:21,0.0,112,0,0
2026-07-16 22:29:21,39.2,113,15,3
2026-07-16 23:29:21,0.0,108,0,0
2026-07-17 00:29:21,0.0,108,0,0
2026-07-17 01:29:21,0.0,108,0,0
2026-07-17 02:29:21,0.0,107,0,0
2026-07-17 03:29:21,0.0,107,0,0
2026-07-17 04:29:21,0.0,107,0,0
2026-07-17 05:29:21,6.7,108,2,0
2026-07-17 06:29:21,40.2,109,22,9
2026-07-17 07:29:21,77.1,78,43,18
2026-07-17 08:29:21,98.4,119,46,15
2026-07-17 09:29:21,76.8,119,34,10
2026-07-17 10:29:21,89.5,119,40,12
2026-07-17 11:29:21,61.2,118,26,7
2026-07-17 12:29:21,58.2,118,24,6
2026-07-17 13:29:21,55.2,118,22,5
2026-07-17 14:29:21,48.5,117,20,5
2026-07-17 15:29:21,51.9,118,21,5
2026-07-17 16:29:21,61.2,118,26,7
2026-07-17 17:29:21,48.9,118,19,4
2026-07-17 18:29:21,42.2,119,17,4
2026-07-17 19:29:21,45.9,119,17,3
2026-07-17 20:29:21,42.2,119,17,4
2026-07-17 21:29:21,42.2,119,17,4
2026-07-17 22:29:21,0.0,118,0,0
2026-07-17 23:29:21,0.0,117,0,0
2026-07-18 00:29:21,0.0,118,0,0
2026-07-18 01:29:21,0.0,117,0,0
2026-07-18 02:29:21,0.0,117,0,0
2026-07-18 03:29:21,0.0,117,0,0
2026-07-18 04:29:21,0.0,117,0,0
2026-07-18 05:29:21,9.7,118,4,1
2026-07-18 06:29:21,37.6,119,19,7
2026-07-18 07:29:21,86.1,119,39,12
2026-07-18 08:29:21,104.8,120,49,16
2026-07-18 09:29:21,107.7,119,51,17
2026-07-18 10:29:21,95.5,119,44,14
2026-07-18 11:29:21,70.9,118,30,8
2026-07-18 12:29:21,83.2,119,37,11
2026-07-18 13:29:21,76.8,118,34,10
2026-07-18 14:29:21,79.8,119,36,11
2026-07-18 15:29:21,70.9,120,30,8
2026-07-18 16:29:21,61.6,120,25,6
2026-07-18 17:29:21,54.8,120,23,6
2026-07-18 18:29:21,48.9,120,19,4
2026-07-18 19:29:21,42.2,120,17,4
2026-07-18 20:29:21,42.2,119,17,4
2026-07-18 21:29:21,45.5,119,18,4
2026-07-18 22:29:21,42.2,119,17,4
2026-07-18 23:29:21,42.2,119,17,4
2026-07-19 00:29:21,0.0,118,0,0
2026-07-19 01:29:21,0.0,117,0,0
2026-07-19 02:29:21,0.0,117,0,0
2026-07-19 03:29:21,0.0,117,0,0
2026-07-19 04:29:21,0.0,117,0,0
2026-07-19 05:29:21,9.3,118,5,2
2026-07-19 06:29:21,65.2,119,35,14
2026-07-19 07:29:21,120.4,119,57,19
2026-07-19 08:29:21,120.8,119,56,18
2026-07-19 09:29:21,92.9,118,41,12
2026-07-19 10:29:21,84.0,118,35,9
2026-07-19 11:29:21,83.2,120,37,11
2026-07-19 12:29:21,74.3,120,31,8
2026-07-19 13:29:21,71.3,120,29,7
2026-07-19 14:29:21,67.5,120,29,8
2026-07-19 15:29:21,67.5,120,29,8
2026-07-19 16:29:21,71.3,120,29,7
2026-07-19 17:29:21,118.0,120,44,8
2026-07-19 18:29:21,197.2,111,72,12
2026-07-19 19:29:21,197.6,111,71,11
2026-07-19 20:29:21,197.6,111,71,11
2026-07-19 21:29:21,81.4,111,32,7
2026-07-19 22:29:21,81.4,110,32,7
2026-07-19 23:29:21,0.0,115,0,0
2026-07-20 00:29:21,0.0,115,0,0
2026-07-20 01:29:21,0.0,115,0,0
2026-07-20 02:29:21,0.0,115,0,0
2026-07-20 03:29:21,0.0,115,0,0
2026-07-20 04:29:21,0.0,115,0,0
2026-07-20 05:29:21,22.4,116,10,3
2026-07-20 06:29:21,72.3,117,36,13
2026-07-20 07:29:21,91.3,117,45,16
2026-07-20 08:00:16,91.7,117,44,15
2026-07-20 09:00:16,79.0,117,38,13
2026-07-20 10:00:16,69.3,117,34,12
2026-07-20 11:00:16,53.7,117,26,9
2026-07-20 12:00:16,41.8,117,18,5
2026-07-20 13:00:16,32.1,117,14,4
2026-07-20 14:00:16,28.7,117,13,4
2026-07-20 15:00:16,74.3,117,31,8
2026-07-20 16:00:16,74.3,118,31,8
2026-07-20 17:00:16,71.3,118,29,7
2026-07-20 18:00:16,121.3,118,45,8
2026-07-20 19:00:16,112.0,118,40,6
2026-07-20 20:00:16,45.5,117,18,4
2026-07-20 21:00:16,0.0,118,0,0
2026-07-20 22:00:16,0.0,116,0,0
2026-07-20 23:00:16,0.0,115,0,0
2026-07-21 00:00:16,0.0,115,0,0
2026-07-21 01:00:16,0.0,115,0,0
2026-07-21 02:00:16,0.0,115,0,0
2026-07-21 03:00:16,0.0,115,0,0
2026-07-21 04:00:16,0.0,115,0,0
2026-07-21 05:00:16,3.0,115,2,1
2026-07-21 06:00:16,18.6,116,10,4
2026-07-21 07:00:16,62.2,118,33,13
2026-07-21 08:00:16,174.2,119,73,19
2026-07-21 09:00:16,746.0,11,330,97
2026-07-21 10:00:16,696.7,13,312,94
2026-07-21 11:00:16,584.6,13,253,71
2026-07-21 12:00:16,456.8,13,186,45
2026-07-21 13:00:16,361.3,13,142,31
2026-07-21 14:00:16,371.0,13,146,32
2026-07-21 15:00:16,384.1,13,151,33
2026-07-21 16:00:16,364.7,13,143,31
2026-07-21 17:00:16,338.9,13,132,28
2026-07-21 18:00:16,271.8,13,102,19
2026-07-21 19:00:16,0.0,11,0,0
2026-07-21 20:00:16,230.4,13,83,13
2026-07-21 21:00:16,230.4,13,83,13
2026-07-21 22:00:16,59.4,43,21,3
2026-07-21 23:00:16,59.4,43,21,3
2026-07-22 00:00:16,0.0,40,0,0
2026-07-22 01:00:16,0.0,40,0,0
2026-07-22 02:00:16,0.0,40,0,0
2026-07-22 03:00:16,0.0,39,0,0
2026-07-22 04:00:16,0.0,39,0,0
2026-07-22 05:00:16,0.0,40,0,0
2026-07-22 06:00:16,3.4,41,1,0
2026-07-22 07:00:16,6.3,41,3,1
2026-07-22 08:00:16,32.5,42,13,3
2026-07-22 09:00:16,6.3,41,3,1
2026-07-22 10:00:16,10.1,41,3,0
2026-07-22 11:00:16,6.7,41,2,0
2026-07-22 12:00:16,3.4,40,1,0
2026-07-22 13:00:16,3.4,40,1,0
2026-07-22 14:00:16,3.4,40,1,0
2026-07-22 15:00:16,3.4,40,1,0
2026-07-22 16:00:16,3.4,40,1,0
2026-07-22 17:00:16,0.0,40,0,0
2026-07-22 18:00:16,26.5,41,9,1
2026-07-22 19:00:16,26.5,41,9,1
2026-07-22 20:00:16,26.5,41,9,1
2026-07-22 21:00:16,26.5,41,9,1
2026-07-22 22:00:16,0.0,40,0,0
2026-07-22 23:00:16,0.0,40,0,0
2026-07-23 00:00:16,0.0,40,0,0
2026-07-23 01:00:16,0.0,39,0,0
2026-07-23 02:00:16,0.0,39,0,0
2026-07-23 03:00:16,0.0,39,0,0
2026-07-23 04:00:16,0.0,39,0,0
2026-07-23 05:00:16,0.0,40,0,0
2026-07-23 06:00:16,3.4,40,1,0
2026-07-23 07:00:16,6.3,41,3,1
2026-07-23 08:00:16,32.9,41,12,2
2026-07-23 09:00:16,81.8,44,31,6
2026-07-23 10:00:16,78.4,44,30,6
2026-07-23 11:00:16,9.7,47,4,1
2026-07-23 12:00:16,72.8,46,25,3
2026-07-23 13:00:16,72.8,46,25,3
2026-07-23 14:00:16,69.5,47,24,3
2026-07-23 15:00:16,69.5,47,24,3
2026-07-23 16:00:16,23.2,47,8,1
2026-07-23 17:00:16,66.1,47,23,3
2026-07-23 18:00:16,66.1,47,23,3
2026-07-23 19:00:16,66.1,47,23,3
2026-07-23 20:00:16,62.7,47,22,3
2026-07-23 21:00:16,62.7,47,22,3
2026-07-23 22:00:16,62.7,47,22,3
2026-07-23 23:00:16,0.0,46,0,0
2026-07-24 00:00:16,0.0,45,0,0
2026-07-24 01:00:16,0.0,46,0,0
2026-07-24 02:00:16,0.0,45,0,0
2026-07-24 03:00:16,0.0,45,0,0
2026-07-24 04:00:16,0.0,45,0,0
2026-07-24 05:00:16,0.0,45,0,0
2026-07-24 06:00:16,0.0,46,0,0
2026-07-24 07:00:16,66.1,47,23,3
2026-07-24 08:00:16,66.1,47,23,3
2026-07-24 09:00:16,3.4,47,1,0
2026-07-24 10:00:16,6.7,47,2,0
2026-07-24 11:00:16,6.3,47,3,1
2026-07-24 12:00:16,6.7,47,2,0
2026-07-24 13:00:16,3.4,46,1,0
2026-07-24 14:00:16,3.4,46,1,0
2026-07-24 15:00:16,3.4,46,1,0
2026-07-24 16:00:16,3.4,46,1,0
2026-07-24 17:00:16,0.0,46,0,0
2026-07-24 18:00:16,0.0,46,0,0
2026-07-24 19:00:16,62.7,46,22,3
2026-07-24 20:00:16,59.8,44,20,2
2026-07-24 21:00:16,59.8,45,20,2
2026-07-24 22:00:16,59.4,45,21,3
2026-07-24 23:00:16,0.0,43,0,0
2026-07-25 00:00:16,0.0,43,0,0
2026-07-25 01:00:16,0.0,43,0,0
2026-07-25 02:00:16,0.0,43,0,0
2026-07-25 03:00:16,0.0,43,0,0
2026-07-25 04:00:16,0.0,43,0,0
2026-07-25 05:00:16,0.0,43,0,0
2026-07-25 06:00:16,0.0,43,0,0
2026-07-25 07:00:16,3.0,44,2,1
2026-07-25 08:00:16,6.7,44,2,0
2026-07-25 09:00:16,6.3,45,3,1
2026-07-25 10:00:16,6.7,44,2,0
2026-07-25 11:00:16,6.7,44,2,0
2026-07-25 12:00:16,3.4,44,1,0
2026-07-25 13:00:16,3.4,43,1,0
2026-07-25 14:00:16,3.4,44,1,0
2026-07-25 15:00:16,3.4,44,1,0
2026-07-25 16:00:16,59.4,45,21,3
2026-07-25 17:00:16,59.4,45,21,3
2026-07-25 18:00:16,59.8,45,20,2
2026-07-25 19:00:16,59.8,45,20,2
2026-07-25 20:00:16,59.8,45,20,2
2026-07-25 21:00:16,53.0,45,18,2
2026-07-25 22:00:16,19.8,44,7,1
2026-07-25 23:00:16,22.8,36,9,2
2026-07-26 00:00:16,0.0,35,0,0
2026-07-26 01:00:16,0.0,35,0,0
2026-07-26 02:00:16,0.0,35,0,0
2026-07-26 03:00:16,0.0,35,0,0
2026-07-26 04:00:16,0.0,35,0,0
2026-07-26 05:00:16,0.0,35,0,0
2026-07-26 06:00:16,6.7,36,2,0
2026-07-26 07:00:16,9.7,36,4,1
2026-07-26 08:00:16,9.7,36,4,1
2026-07-26 09:00:16,35.8,36,14,3
2026-07-26 10:00:16,32.5,37,13,3
2026-07-26 11:00:16,69.1,37,25,4
2026-07-26 12:00:16,65.7,36,24,4
2026-07-26 13:00:16,62.7,36,22,3
2026-07-26 14:00:16,62.7,36,22,3
2026-07-26 15:00:16,6.7,36,2,0
2026-07-26 16:00:16,6.3,36,3,1
2026-07-26 17:00:16,10.1,36,3,0
2026-07-26 18:00:16,6.7,36,2,0
2026-07-26 19:00:16,6.7,35,2,0
2026-07-26 20:00:16,6.7,35,2,0
2026-07-26 21:00:16,6.7,35,2,0
2026-07-26 22:00:16,0.0,35,0,0
2026-07-26 23:00:16,0.0,35,0,0
2026-07-27 00:00:16,0.0,35,0,0
2026-07-27 01:00:16,0.0,35,0,0
2026-07-27 02:00:16,0.0,35,0,0
2026-07-27 03:00:16,0.0,35,0,0
2026-07-27 04:00:16,0.0,35,0,0
2026-07-27 05:00:16,0.0,35,0,0
2026-07-27 06:00:16,66.1,36,23,3
2026-07-27 07:00:16,62.7,36,22,3
2026-07-27 08:00:16,66.1,36,23,3
2026-07-27 09:00:16,69.5,46,24,3
2026-07-27 10:00:16,69.5,46,24,3
2026-07-27 11:00:16,32.9,45,12,2
2026-07-27 12:00:16,23.2,45,8,1
2026-07-27 13:00:16,3.4,44,1,0
2026-07-27 14:00:16,3.4,44,1,0
2026-07-27 15:00:16,3.4,44,1,0
2026-07-27 16:00:16,3.4,44,1,0
2026-07-27 17:00:16,0.0,44,0,0
2026-07-27 18:00:16,0.0,43,0,0
2026-07-27 19:00:16,0.0,43,0,0
2026-07-27 20:00:16,0.0,43,0,0
2026-07-27 21:00:16,0.0,43,0,0
2026-07-27 22:00:16,16.8,44,5,0
2026-07-27 23:00:16,0.0,43,0,0
2026-07-28 00:00:16,0.0,43,0,0
2026-07-28 01:00:16,0.0,43,0,0
2026-07-28 02:00:16,0.0,43,0,0
2026-07-28 03:00:16,0.0,43,0,0
2026-07-28 04:00:16,0.0,43,0,0
2026-07-28 05:00:16,0.0,43,0,0
2026-07-28 06:00:16,20.2,44,6,0
2026-07-28 07:00:16,16.4,45,6,1
2026-07-28 08:00:16,16.4,45,6,1
2026-07-28 09:00:16,6.7,45,2,0
2026-07-28 10:00:16,9.7,45,4,1
2026-07-28 11:00:16,6.3,45,3,1
2026-07-28 12:00:16,6.7,44,2,0
2026-07-28 13:00:16,3.4,44,1,0
2026-07-28 14:00:16,3.4,44,1,0
2026-07-28 15:00:16,0.0,44,0,0
2026-07-28 16:00:16,0.0,43,0,0
2026-07-28 17:00:16,0.0,43,0,0
2026-07-28 18:00:16,0.0,43,0,0
2026-07-28 19:00:16,16.8,43,5,0
2026-07-28 20:00:16,16.8,44,5,0
2026-07-28 21:00:16,16.8,44,5,0
2026-07-28 22:00:16,0.0,43,0,0
2026-07-28 23:00:16,0.0,43,0,0
2026-07-29 00:00:16,0.0,43,0,0
2026-07-29 01:00:16,0.0,43,0,0
2026-07-29 02:00:16,0.0,43,0,0
2026-07-29 03:00:16,0.0,43,0,0
2026-07-29 04:00:16,0.0,43,0,0
2026-07-29 05:00:16,0.0,43,0,0
2026-07-29 06:00:16,3.0,45,2,1
2026-07-29 07:00:16,16.0,45,7,2
2026-07-29 08:00:16,69.1,42,25,4
2026-07-29 09:00:16,69.1,43,25,4
2026-07-29 10:00:16,6.7,45,2,0
2026-07-29 11:00:16,6.7,45,2,0
2026-07-29 12:00:16,3.4,45,1,0
2026-07-29 13:00:16,3.4,45,1,0
2026-07-29 14:00:16,3.4,45,1,0
2026-07-29 15:00:16,3.4,45,1,0
2026-07-29 16:00:16,3.4,44,1,0
2026-07-29 17:00:16,3.4,45,1,0
2026-07-29 18:00:16,0.0,44,0,0
2026-07-29 19:00:16,66.1,34,23,3
2026-07-29 20:00:16,82.5,46,29,4
2026-07-29 21:00:16,82.5,48,29,4
2026-07-29 22:00:16,82.5,48,29,4
2026-07-29 23:00:16,0.0,47,0,0
2026-07-30 00:00:16,0.0,47,0,0
2026-07-30 01:00:16,0.0,47,0,0
2026-07-30 02:00:16,0.0,47,0,0
2026-07-30 03:00:16,0.0,46,0,0
2026-07-30 04:00:16,0.0,46,0,0
2026-07-30 05:00:16,0.0,47,0,0
2026-07-30 06:00:16,3.4,47,1,0
2026-07-30 07:00:16,6.7,48,2,0
2026-07-30 08:00:16,35.8,48,14,3
2026-07-30 09:00:16,9.7,48,4,1
2026-07-30 10:00:16,9.7,48,4,1
2026-07-30 11:00:16,9.7,48,4,1
2026-07-30 12:00:16,6.3,48,3,1
2026-07-30 13:00:16,6.7,48,2,0
2026-07-30 14:00:16,6.7,48,2,0
2026-07-30 15:00:16,6.7,48,2,0
2026-07-30 16:00:16,6.7,48,2,0
2026-07-30 17:00:16,3.4,48,1,0
2026-07-30 18:00:16,0.0,47,0,0
2026-07-30 19:00:16,0.0,47,0,0
2026-07-30 20:00:16,32.9,48,12,2
2026-07-30 21:00:16,32.9,47,12,2
2026-07-30 22:00:16,32.9,47,12,2
2026-07-30 23:00:16,32.9,48,12,2
2026-07-31 00:00:16,0.0,46,0,0
2026-07-31 01:00:16,0.0,46,0,0
2026-07-31 02:00:16,0.0,46,0,0
2026-07-31 03:00:16,0.0,46,0,0
2026-07-31 04:00:16,0.0,46,0,0
2026-07-31 05:00:16,0.0,46,0,0
2026-07-31 06:00:16,6.3,48,3,1
2026-07-31 07:00:16,9.7,48,4,1
2026-07-31 08:00:16,82.2,47,30,5
2026-07-31 09:00:16,88.9,48,32,5
2026-07-31 10:00:16,85.1,48,32,6
2026-07-31 11:00:16,85.5,47,31,5
2026-07-31 12:00:16,10.1,47,3,0
2026-07-31 13:00:16,6.7,47,2,0
2026-07-31 14:00:16,6.7,47,2,0
2026-07-31 15:00:16,6.7,47,2,0
2026-07-31 16:00:16,3.4,47,1,0
2026-07-31 17:00:16,3.4,46,1,0
2026-07-31 18:00:16,0.0,46,0,0
2026-07-31 19:00:16,82.5,47,29,4
2026-07-31 20:00:16,79.2,47,28,4
2026-07-31 21:00:16,79.2,48,28,4
2026-07-31 22:00:16,0.0,46,0,0
2026-07-31 23:00:16,0.0,46,0,0
2026-08-01 00:00:16,0.0,46,0,0
2026-08-01 01:00:16,0.0,46,0,0
2026-08-01 02:00:16,0.0,46,0,0
2026-08-01 03:00:16,0.0,46,0,0
2026-08-01 04:00:16,0.0,46,0,0
2026-08-01 05:00:16,0.0,46,0,0
2026-08-01 06:00:16,3.4,47,1,0
2026-08-01 07:00:16,42.2,48,17,4
2026-08-01 08:00:16,12.7,47,6,2
2026-08-01 09:00:16,12.7,48,6,2
2026-08-01 10:00:16,9.7,48,4,1
2026-08-01 11:00:16,9.7,47,4,1
2026-08-01 12:00:16,10.1,47,3,0
2026-08-01 13:00:16,6.7,47,2,0
2026-08-01 14:00:16,6.7,47,2,0
2026-08-01 15:00:16,32.5,46,13,3
2026-08-01 16:00:16,32.5,47,13,3
2026-08-01 17:00:16,32.9,46,12,2
2026-08-01 18:00:16,29.5,46,11,2
2026-08-01 19:00:16,29.5,46,11,2
2026-08-01 20:00:16,29.5,46,11,2
2026-08-01 21:00:16,29.5,46,11,2
2026-08-01 22:00:16,0.0,57,0,0
2026-08-01 23:00:16,0.0,56,0,0
2026-08-02 00:00:16,0.0,56,0,0
2026-08-02 01:00:16,0.0,56,0,0
2026-08-02 02:00:16,0.0,56,0,0
2026-08-02 03:00:16,0.0,56,0,0
2026-08-02 04:00:16,0.0,56,0,0
2026-08-02 05:00:16,34.3,58,18,7
2026-08-02 06:00:16,506.6,59,270,107
2026-08-02 07:00:16,1187.0,60,566,191
2026-08-02 08:00:16,1583.1,12,715,219
2026-08-02 09:00:16,1529.2,12,680,202
2026-08-02 10:00:16,1600.5,12,680,183
2026-08-02 11:00:16,1216.7,12,538,158
2026-08-02 12:00:16,962.8,12,419,119
2026-08-02 13:00:16,672.8,11,277,69
2026-08-02 14:00:16,677.6,12,284,74
2026-08-02 15:00:16,455.2,11,190,49
2026-08-02 16:00:16,390.7,11,163,42
2026-08-02 17:00:16,288.9,11,116,27
2026-08-02 18:00:16,189.7,12,72,14
2026-08-02 19:00:16,164.7,11,59,9
2026-08-02 20:00:16,164.7,11,59,9
2026-08-02 21:00:16,197.6,12,71,11
2026-08-02 22:00:16,0.0,10,0,0
2026-08-02 23:00:16,0.0,10,0,0
2026-08-03 00:00:16,0.0,10,0,0
2026-08-03 01:00:16,0.0,10,0,0
2026-08-03 02:00:16,0.0,11,0,0
2026-08-03 03:00:16,0.0,10,0,0
2026-08-03 04:00:16,0.0,10,0,0
2026-08-03 05:00:16,3.4,11,1,0
2026-08-03 06:00:16,38.0,12,18,6
2026-08-03 07:00:16,314.6,12,127,30
2026-08-03 08:00:20,384.3,12,160,41
2026-08-03 09:00:20,409.3,11,173,46
2026-08-03 10:00:20,494.7,11,214,60
2026-08-03 11:00:20,390.7,11,163,42
2026-08-03 12:00:20,380.7,7,150,33
2026-08-03 13:00:20,510.1,7,213,55
2026-08-03 14:00:20,485.1,7,200,50
2026-08-03 15:00:20,643.2,7,276,76
2026-08-03 16:00:20,446.7,7,183,45
2026-08-03 17:00:20,348.6,7,136,29
2026-08-03 18:00:20,304.7,7,114,21
2026-08-03 19:00:20,256.9,7,92,14
2026-08-03 20:00:20,256.9,7,92,14
2026-08-03 21:00:20,256.9,7,92,14
2026-08-03 22:00:20,0.0,10,0,0
2026-08-03 23:00:20,0.0,10,0,0
2026-08-04 00:00:20,0.0,10,0,0
2026-08-04 01:00:20,0.0,9,0,0
2026-08-04 02:00:20,0.0,10,0,0
2026-08-04 03:00:20,0.0,9,0,0
2026-08-04 04:00:20,0.0,10,0,0
2026-08-04 05:00:20,0.0,10,0,0
2026-08-04 06:00:20,9.7,12,4,1
2026-08-04 07:00:20,1180.0,7,555,183
2026-08-04 08:00:20,1199.0,7,545,169
2026-08-04 09:00:20,953.6,7,433,134
2026-08-04 10:00:20,68.9,7,35,13
2026-08-04 11:00:20,41.4,6,19,6
2026-08-04 12:00:20,35.1,7,16,5
2026-08-04 13:00:20,35.1,7,16,5
2026-08-04 14:00:20,31.7,7,15,5
2026-08-04 15:00:20,29.1,7,12,3
2026-08-04 16:00:20,25.7,7,11,3
2026-08-04 17:00:20,16.0,6,7,2
2026-08-04 18:00:20,444.4,7,160,25
2026-08-04 19:00:20,435.1,6,155,23
2026-08-04 20:00:20,435.1,6,155,23
2026-08-04 21:00:20,435.1,6,155,23
2026-08-04 22:00:20,0.0,10,0,0
2026-08-04 23:00:20,0.0,10,0,0
2026-08-05 00:00:20,0.0,10,0,0
2026-08-05 01:00:20,0.0,10,0,0
2026-08-05 02:00:20,0.0,10,0,0
2026-08-05 03:00:20,0.0,10,0,0
2026-08-05 04:00:20,0.0,10,0,0
2026-08-05 05:00:20,35.4,11,15,4
2026-08-05 06:00:20,231.4,12,119,45
2026-08-05 07:00:20,1024.3,12,502,177
2026-08-05 08:00:20,1417.1,12,698,248
2026-08-05 09:00:20,766.6,11,383,139
2026-08-05 10:00:20,1381.1,12,694,254
2026-08-05 11:00:20,988.8,12,487,173
2026-08-05 12:00:20,669.9,12,323,111
2026-08-05 13:00:20,565.9,12,272,93
2026-08-05 14:00:20,440.1,11,200,62
2026-08-05 15:00:20,447.7,12,219,77
2026-08-05 16:00:20,334.4,12,163,57
2026-08-05 17:00:20,177.5,11,84,28
2026-08-05 18:00:20,66.7,11,31,10
2026-08-05 19:00:20,0.0,10,0,0
2026-08-05 20:00:20,158.4,11,56,8
2026-08-05 21:00:20,151.6,11,54,8
2026-08-05 22:00:20,0.0,10,0,0
2026-08-05 23:00:20,0.0,10,0,0
2026-08-06 00:00:20,0.0,10,0,0
2026-08-06 01:00:20,0.0,10,0,0
2026-08-06 02:00:20,0.0,10,0,0
2026-08-06 03:00:20,0.0,10,0,0
2026-08-06 04:00:20,0.0,9,0,0
2026-08-06 05:00:20,6.3,11,3,1
2026-08-06 06:00:20,242.9,12,99,24
2026-08-06 07:00:20,468.0,11,215,68
2026-08-06 08:00:20,683.1,12,318,103
2026-08-06 09:00:20,1071.4,12,487,151
2026-08-06 10:00:20,889.6,12,395,117
2026-08-06 11:00:20,1183.3,12,566,192
2026-08-06 12:00:20,1026.4,12,487,163
2026-08-06 13:00:20,793.4,12,372,122
2026-08-06 14:00:20,398.6,11,162,39
2026-08-06 15:00:20,310.1,11,129,33
2026-08-06 16:00:20,365.8,11,169,54
2026-08-06 17:00:20,280.6,11,118,31
2026-08-06 18:00:20,161.6,11,67,17
2026-08-06 19:00:20,151.6,11,54,8
2026-08-06 20:00:20,135.2,10,48,7
2026-08-06 21:00:20,141.5,11,51,8
2026-08-06 22:00:20,144.9,11,52,8
2026-08-06 23:00:20,0.0,10,0,0
2026-08-07 00:00:20,0.0,9,0,0
2026-08-07 01:00:20,0.0,9,0,0
2026-08-07 02:00:20,0.0,9,0,0
2026-08-07 03:00:20,0.0,9,0,0
2026-08-07 04:00:20,0.0,9,0,0
2026-08-07 05:00:20,31.7,11,15,5
2026-08-07 06:00:20,694.4,11,337,117
2026-08-07 07:00:20,525.4,11,241,76
2026-08-07 08:00:20,1226.1,12,591,203
2026-08-07 09:00:20,845.1,11,403,136
2026-08-07 10:00:20,755.4,11,354,116
2026-08-07 11:00:20,591.0,11,275,89
2026-08-07 12:00:20,445.0,11,197,58
2026-08-07 13:00:20,559.7,11,259,83
2026-08-07 14:00:20,564.5,11,266,88
2026-08-07 15:00:20,432.2,11,201,65
2026-08-07 16:00:20,409.4,11,192,63
2026-08-07 17:00:20,315.9,11,143,44
2026-08-07 18:00:20,126.1,11,52,13
2026-08-07 19:00:20,148.3,11,53,8
2026-08-07 20:00:20,148.3,11,53,8
2026-08-07 21:00:20,144.9,11,52,8
2026-08-07 22:00:20,144.9,11,52,8
2026-08-07 23:00:20,0.0,10,0,0
2026-08-08 00:00:20,0.0,9,0,0
2026-08-08 01:00:20,0.0,9,0,0
2026-08-08 02:00:20,0.0,9,0,0
2026-08-08 03:00:20,0.0,10,0,0
2026-08-08 04:00:20,0.0,9,0,0
2026-08-08 05:00:20,28.7,11,13,4
2026-08-08 06:00:20,459.6,11,227,81
2026-08-08 07:00:20,886.4,11,432,151
2026-08-08 08:00:20,820.4,12,399,139
2026-08-08 09:00:20,920.4,12,441,150
2026-08-08 10:00:20,743.9,11,345,111
2026-08-08 11:00:20,544.0,11,251,80
2026-08-08 12:00:20,368.5,11,162,47
2026-08-08 13:00:20,297.0,11,124,32
2026-08-08 14:00:20,318.6,12,136,37
2026-08-08 15:00:20,472.4,11,194,48
2026-08-08 16:00:20,447.1,11,182,44
2026-08-08 17:00:20,385.1,11,158,39
2026-08-08 18:00:20,219.5,11,82,15
2026-08-08 19:00:20,148.3,11,53,8
2026-08-08 20:00:20,148.3,11,53,8
2026-08-08 21:00:20,144.9,11,52,8
2026-08-08 22:00:20,148.3,11,53,8
2026-08-08 23:00:20,144.9,11,52,8
2026-08-09 00:00:20,144.9,11,52,8
2026-08-09 01:00:20,0.0,10,0,0
2026-08-09 02:00:20,0.0,10,0,0
2026-08-09 03:00:20,0.0,10,0,0
2026-08-09 04:00:20,0.0,10,0,0
2026-08-09 05:00:20,24.6,12,14,6
2026-08-09 06:00:20,495.3,12,270,110
2026-08-09 07:00:20,582.4,12,297,111
2026-08-09 08:00:20,1010.8,12,498,177
2026-08-09 09:00:20,1213.8,12,584,200
2026-08-09 10:00:20,1010.3,12,480,161
2026-08-09 11:00:20,747.5,12,355,119
2026-08-09 12:00:20,607.7,12,290,98
2026-08-09 13:00:20,456.1,12,207,64
2026-08-09 14:00:20,424.0,12,193,60
2026-08-09 15:00:20,348.7,12,155,46
2026-08-09 16:00:20,386.2,12,184,62
2026-08-09 17:00:20,208.8,12,100,34
2026-08-09 18:00:20,47.0,12,24,9
2026-08-09 19:00:20,0.0,10,0,0
2026-08-09 20:00:20,148.3,11,53,8
2026-08-09 21:00:20,144.9,11,52,8
2026-08-09 22:00:20,148.3,11,53,8
2026-08-09 23:00:20,0.0,10,0,0
2026-08-10 00:00:20,0.0,10,0,0
2026-08-10 01:00:20,0.0,10,0,0
2026-08-10 02:00:20,0.0,10,0,0
2026-08-10 03:00:20,0.0,10,0,0
2026-08-10 04:00:20,0.0,10,0,0
2026-08-10 05:00:20,6.7,11,2,0
2026-08-10 06:00:20,183.2,12,79,22
2026-08-10 07:00:20,982.2,12,475,164
